category,url
laws-and-regulations,"https://www.premiumbeautynews.com/en/microplastics-how-the-eu-plans-to,22788"
laws-and-regulations,"https://www.premiumbeautynews.com/en/french-industry-speaks-up-for,22314"
laws-and-regulations,"https://www.premiumbeautynews.com/en/canada-joins-countries-banning,22259"
laws-and-regulations,"https://www.premiumbeautynews.com/en/industry-is-not-looking-for,22022"
laws-and-regulations,"https://www.premiumbeautynews.com/en/eu-reach-committee-votes-to-ban,21987,en"
laws-and-regulations,"https://www.premiumbeautynews.com/en/fragrance-dupes-are-all-the-rage,21966"
laws-and-regulations,"https://www.premiumbeautynews.com/en/group-of-beauty-brands-calls-on-eu,21587"
laws-and-regulations,"https://www.premiumbeautynews.com/en/france-tightens-rules-on-net-zero,21344"
laws-and-regulations,"https://www.premiumbeautynews.com/en/new-york-joins-the-list-of-states,21279"
laws-and-regulations,"https://www.premiumbeautynews.com/en/california-bans-pfas-in-cosmetics,21007"
laws-and-regulations,"https://www.premiumbeautynews.com/en/cosmetics-europe-calls-for-a,20556"
laws-and-regulations,"https://www.premiumbeautynews.com/en/the-fragrance-industry-expresses,20533"
laws-and-regulations,"https://www.premiumbeautynews.com/en/bondi-sands-faces-us-class-action,20388"
laws-and-regulations,"https://www.premiumbeautynews.com/en/us-congress-moves-to-ban,20039"
laws-and-regulations,"https://www.premiumbeautynews.com/en/all-cosmetic-products-can-now,19347"
laws-and-regulations,"https://www.premiumbeautynews.com/en/mexico-s-senate-unanimously-votes,19027,en"
laws-and-regulations,"https://www.premiumbeautynews.com/en/cosmetics-brands-campaign-against,18997"
laws-and-regulations,"https://www.premiumbeautynews.com/en/usa-study-prompts-senate-bill-to,18652"
laws-and-regulations,"https://www.premiumbeautynews.com/en/china-to-end-compulsory-animal,18109"
laws-and-regulations,"https://www.premiumbeautynews.com/en/brazil-s-anvisa-clarifies-new,18013"
laws-and-regulations,"https://www.premiumbeautynews.com/en/allergenic-fragrances-found-in,17731"
laws-and-regulations,"https://www.premiumbeautynews.com/en/brazil-anvisa-changes-cosmetics,17530"
laws-and-regulations,"https://www.premiumbeautynews.com/en/cosmetics-giants-say-eu,17513"
laws-and-regulations,"https://www.premiumbeautynews.com/en/might-california-s-new-regulations,17415"
laws-and-regulations,"https://www.premiumbeautynews.com/en/california-officially-bans-a,17305"
laws-and-regulations,"https://www.premiumbeautynews.com/en/cruelty-free-international-extends,17076"
laws-and-regulations,"https://www.premiumbeautynews.com/en/colombia-to-ban-use-of-animals-in,17046"
laws-and-regulations,"https://www.premiumbeautynews.com/en/california-s-toxic-free-cosmetics,16675"
laws-and-regulations,"https://www.premiumbeautynews.com/en/eu-commission-s-scientific-body,16519"
laws-and-regulations,"https://www.premiumbeautynews.com/en/cruelty-free-international-helps,15965"
laws-and-regulations,"https://www.premiumbeautynews.com/en/proposed-natural-cosmetics-act,15808"
laws-and-regulations,"https://www.premiumbeautynews.com/en/natural-and-organic-cosmetics-a,15606"
laws-and-regulations,"https://www.premiumbeautynews.com/en/french-and-european-authorities-in,14815"
laws-and-regulations,"https://www.premiumbeautynews.com/en/no-deal-brexit-what-should-the,14554"
laws-and-regulations,"https://www.premiumbeautynews.com/en/brexit-we-need-to-get-ready-for-a,14092"
laws-and-regulations,"https://www.premiumbeautynews.com/en/brazil-anvisa-agrees-to-simplify,13682"
laws-and-regulations,"https://www.premiumbeautynews.com/en/nanoparticles-what-is-the-meaning,12839"
laws-and-regulations,"https://www.premiumbeautynews.com/en/natural-and-organic-cosmetics-the,12744"
laws-and-regulations,"https://www.premiumbeautynews.com/en/scientists-recommend-avoiding-the,11755"
laws-and-regulations,"https://www.premiumbeautynews.com/en/sunscreens-and-aluminium-salts-the,11300"
laws-and-regulations,"https://www.premiumbeautynews.com/en/brazil-anvisa-updates-definition,10764"
laws-and-regulations,"https://www.premiumbeautynews.com/en/zinc-oxide-makes-official-entry,9707"
laws-and-regulations,"https://www.premiumbeautynews.com/en/audit-of-cosmetics-advertising,9534"
laws-and-regulations,"https://www.premiumbeautynews.com/en/cosmetics-under-fire-what-is-the,9372"
laws-and-regulations,"https://www.premiumbeautynews.com/en/usa-ban-on-microplastic-beans-in,9072"
laws-and-regulations,"https://www.premiumbeautynews.com/en/north-america-on-the-way-to-ban,8419"
laws-and-regulations,"https://www.premiumbeautynews.com/en/usa-what-s-in-the-personal-care,8135"
laws-and-regulations,"https://www.premiumbeautynews.com/en/ueapme-ifra-and-cosmebio-recommend,7877"
laws-and-regulations,"https://www.premiumbeautynews.com/en/cosmed-calls-for-a-simplification,7847"
laws-and-regulations,"https://www.premiumbeautynews.com/en/brazilian-health-agency-simplifies,7843"
laws-and-regulations,"https://www.premiumbeautynews.com/en/ban-on-cosmetics-animal-testing,7645"
laws-and-regulations,"https://www.premiumbeautynews.com/en/australia-bans-commercial-sunbeds,7633"
laws-and-regulations,"https://www.premiumbeautynews.com/en/high-court-refers-questions-about,7584"
laws-and-regulations,"https://www.premiumbeautynews.com/en/the-sunscreen-innovation-act-what,7544"
laws-and-regulations,"https://www.premiumbeautynews.com/en/plastic-microbeads-australia-to,7524"
laws-and-regulations,"https://www.premiumbeautynews.com/en/preservatives-the-eu-commission,7262"
laws-and-regulations,"https://www.premiumbeautynews.com/en/french-justice-imposes-a-fine-on,6795"
laws-and-regulations,"https://www.premiumbeautynews.com/en/ukraine-a-new-regulation-for,6724"
laws-and-regulations,"https://www.premiumbeautynews.com/en/the-perfumery-industry-faces-a,6680"
laws-and-regulations,"https://www.premiumbeautynews.com/en/access-to-genetic-resources-the,6602"
laws-and-regulations,"https://www.premiumbeautynews.com/en/australian-senator-introduces,6600"
laws-and-regulations,"https://www.premiumbeautynews.com/en/usa-a-step-forward-towards-the-end,6570"
laws-and-regulations,"https://www.premiumbeautynews.com/en/fragrance-allergens-the-measures,6479"
laws-and-regulations,"https://www.premiumbeautynews.com/en/japan-and-the-usa-under-pressure,6423"
laws-and-regulations,"https://www.premiumbeautynews.com/en/sao-paulo-to-ban-animal-testing,6407"
laws-and-regulations,"https://www.premiumbeautynews.com/en/no-more-methylisothiazolinone-in,6278"
laws-and-regulations,"https://www.premiumbeautynews.com/en/france-about-500-000-tons-of,6255"
laws-and-regulations,"https://www.premiumbeautynews.com/en/animal-testing-asia-shows-growing,6029"
laws-and-regulations,"https://www.premiumbeautynews.com/en/the-hassle-of-importing-cosmetics,5995"
laws-and-regulations,"https://www.premiumbeautynews.com/en/fragrance-allergens-is-the-worst,5899"
laws-and-regulations,"https://www.premiumbeautynews.com/en/european-commission-plans-to,5838"
laws-and-regulations,"https://www.premiumbeautynews.com/en/the-european-cosmetics-regulation,5672"
laws-and-regulations,"https://www.premiumbeautynews.com/en/commissioner-borg-sees-first-signs,5606"
laws-and-regulations,"https://www.premiumbeautynews.com/en/serious-adverse-effects-the,5610"
laws-and-regulations,"https://www.premiumbeautynews.com/en/european-union-full-ban-on-animal,5186"
laws-and-regulations,"https://www.premiumbeautynews.com/en/animal-testing-eu-commission,5041"
laws-and-regulations,"https://www.premiumbeautynews.com/en/animal-testing-the-future,4780"
laws-and-regulations,"https://www.premiumbeautynews.com/en/china-strengthens-regulations,4696"
laws-and-regulations,"https://www.premiumbeautynews.com/en/customs-union-russia-belarus-and,4646"
laws-and-regulations,"https://www.premiumbeautynews.com/en/france-to-assess-environmental,4533"
laws-and-regulations,"https://www.premiumbeautynews.com/en/lancome-stumbles-over-u-s,4503"
laws-and-regulations,"https://www.premiumbeautynews.com/en/morocco-requires-registration-of,4455"
laws-and-regulations,"https://www.premiumbeautynews.com/en/eu-expert-panel-paves-the-way-to-a,4396"
laws-and-regulations,"https://www.premiumbeautynews.com/en/new-iso-standard-to-evaluate,4369"
laws-and-regulations,"https://www.premiumbeautynews.com/en/eu-scientific-committee-warns-on,4344"
laws-and-regulations,"https://www.premiumbeautynews.com/en/our-goal-is-the-safe-enjoyment-of,4307"
laws-and-regulations,"https://www.premiumbeautynews.com/en/reach-costs-are-soaring-but-not,4174"
laws-and-regulations,"https://www.premiumbeautynews.com/en/premium-beauty-news-inaugurates,4166"
laws-and-regulations,"https://www.premiumbeautynews.com/en/china-to-approve-non-animal,4109"
laws-and-regulations,"https://www.premiumbeautynews.com/en/tax-on-cosmetics-french-trade,4099"
laws-and-regulations,"https://www.premiumbeautynews.com/en/three-proposals-compete-to-amend-u,4049"
laws-and-regulations,"https://www.premiumbeautynews.com/en/the-tax-on-the-cosmetic-industry,3978"
laws-and-regulations,"https://www.premiumbeautynews.com/en/cosmetics-for-children-the-council,3954"
laws-and-regulations,"https://www.premiumbeautynews.com/en/how-the-total-ban-on-animal,3907"
laws-and-regulations,"https://www.premiumbeautynews.com/en/russia-the-new-cosmetic,3765"
laws-and-regulations,"https://www.premiumbeautynews.com/en/animal-testing-the-other-serial-of,3722"
laws-and-regulations,"https://www.premiumbeautynews.com/en/european-cosmetics-regulation-a,3639"
laws-and-regulations,"https://www.premiumbeautynews.com/en/the-new-european-regulation-on,3583"
laws-and-regulations,"https://www.premiumbeautynews.com/en/french-health-agency-asks-for,3585"
laws-and-regulations,"https://www.premiumbeautynews.com/en/parabens-eu-cosmetics-rules-to-be,3525"
laws-and-regulations,"https://www.premiumbeautynews.com/en/the-european-commission-defines,3505"
laws-and-regulations,"https://www.premiumbeautynews.com/en/parabens-and-children-no-health,3499"
laws-and-regulations,"https://www.premiumbeautynews.com/en/on-line-resale-of-trade-marked,3459"
laws-and-regulations,"https://www.premiumbeautynews.com/en/australia-notification-and,3398"
laws-and-regulations,"https://www.premiumbeautynews.com/en/animal-testing-the-commission,3374"
laws-and-regulations,"https://www.premiumbeautynews.com/en/france-bans-3-benzylidene-camphor,3338"
laws-and-regulations,"https://www.premiumbeautynews.com/en/british-advertising-watchdog-bans,3279"
laws-and-regulations,"https://www.premiumbeautynews.com/en/endocrine-disrupters-the-french,3256"
laws-and-regulations,"https://www.premiumbeautynews.com/en/us-industry-criticizes-bill-to,3251"
laws-and-regulations,"https://www.premiumbeautynews.com/en/new-cosmetics-regulations-what-is,3176"
laws-and-regulations,"https://www.premiumbeautynews.com/en/fda-issues-new-sunscreen-rules,3163"
laws-and-regulations,"https://www.premiumbeautynews.com/en/parabens-the-debate-continues-in,3084"
laws-and-regulations,"https://www.premiumbeautynews.com/en/alternative-methods-to-animal,3059"
laws-and-regulations,"https://www.premiumbeautynews.com/en/french-cosmetics-makers-face-mps,3040"
laws-and-regulations,"https://www.premiumbeautynews.com/en/sweden-controls-detect-large,2931"
laws-and-regulations,"https://www.premiumbeautynews.com/en/intertek-wants-to-partner-with,2908"
laws-and-regulations,"https://www.premiumbeautynews.com/en/uk-to-tackle-misleading-retouched,2894"
laws-and-regulations,"https://www.premiumbeautynews.com/en/natural-and-organic-cosmetics-what,2842"
laws-and-regulations,"https://www.premiumbeautynews.com/en/the-proliferation-in-natural-and,2818"
laws-and-regulations,"https://www.premiumbeautynews.com/en/first-congress-on-alternatives-to,2812"
laws-and-regulations,"https://www.premiumbeautynews.com/en/natural-cosmetics-npa-fears,2804"
laws-and-regulations,"https://www.premiumbeautynews.com/en/kao-sues-henkel-over-hair-dyes,2786"
laws-and-regulations,"https://www.premiumbeautynews.com/en/eu-confirms-ban-on-musk-xylene,2774"
laws-and-regulations,"https://www.premiumbeautynews.com/en/we-want-clear-stringent-and,2768"
laws-and-regulations,"https://www.premiumbeautynews.com/en/towards-a-us-standard-to-define,2742"
laws-and-regulations,"https://www.premiumbeautynews.com/en/new-iso-standard-to-assess,2700"
laws-and-regulations,"https://www.premiumbeautynews.com/en/france-teething-troubles-for,2632"
laws-and-regulations,"https://www.premiumbeautynews.com/en/europe-s-final-ban-on-animal,2613"
laws-and-regulations,"https://www.premiumbeautynews.com/en/parabens-are-safe-for-use-but-red,2583"
laws-and-regulations,"https://www.premiumbeautynews.com/en/russia-regulatory-changes-in-sight,2568"
laws-and-regulations,"https://www.premiumbeautynews.com/en/china-registration-of-cosmetics,2472"
laws-and-regulations,"https://www.premiumbeautynews.com/en/european-cosmetics-regulation-the,2452"
laws-and-regulations,"https://www.premiumbeautynews.com/en/advocacy-group-calls-for-more,2389"
laws-and-regulations,"https://www.premiumbeautynews.com/en/china-cosmetics-registration-comes,2371"
laws-and-regulations,"https://www.premiumbeautynews.com/en/new-legal-conflict-about-the,2331"
laws-and-regulations,"https://www.premiumbeautynews.com/en/the-prohibition-of-samples-resale,2243"
laws-and-regulations,"https://www.premiumbeautynews.com/en/conference-to-focus-on-cosmetics,2224"
laws-and-regulations,"https://www.premiumbeautynews.com/en/china-to-put-cosmetics-under-close,2214"
laws-and-regulations,"https://www.premiumbeautynews.com/en/masterclass-on-natural-and-organic,2143"
laws-and-regulations,"https://www.premiumbeautynews.com/en/us-cosmetics-industry-calls-for,2125"
laws-and-regulations,"https://www.premiumbeautynews.com/en/the-febea-reinforces-its-support,2121"
laws-and-regulations,"https://www.premiumbeautynews.com/en/us-retailer-to-require-third-party,2030"
laws-and-regulations,"https://www.premiumbeautynews.com/en/cosmetics-firms-accused-of-price,1959"
laws-and-regulations,"https://www.premiumbeautynews.com/en/health-canada-endorses-the-iso-gmp,1949"
laws-and-regulations,"https://www.premiumbeautynews.com/en/safety-of-cosmetics-for-babies,1919"
laws-and-regulations,"https://www.premiumbeautynews.com/en/algeria-tightens-the-conditions,1915"
laws-and-regulations,"https://www.premiumbeautynews.com/en/commission-warns-sweden-to-comply,1881"
laws-and-regulations,"https://www.premiumbeautynews.com/en/certification-of-organic-and,1831"
laws-and-regulations,"https://www.premiumbeautynews.com/en/nanoproducts-france-recommends-the,1772"
laws-and-regulations,"https://www.premiumbeautynews.com/en/france-new-rules-for-advertising,1531"
laws-and-regulations,"https://www.premiumbeautynews.com/en/france-getting-ready-to-display,1511"
laws-and-regulations,"https://www.premiumbeautynews.com/en/canada-antiperspirants,1405"
laws-and-regulations,"https://www.premiumbeautynews.com/en/the-paris-city-council-warns,1400"
laws-and-regulations,"https://www.premiumbeautynews.com/en/cosmetics-for-babies-french,1358"
laws-and-regulations,"https://www.premiumbeautynews.com/en/it-is-necessary-to-rationalize-raw,1306"
laws-and-regulations,"https://www.premiumbeautynews.com/en/health-canada-publishes-new,1211"
laws-and-regulations,"https://www.premiumbeautynews.com/en/fda-study-lead-level-in-lipsticks,1155"
laws-and-regulations,"https://www.premiumbeautynews.com/en/reach-may-require-much-more,1151"
laws-and-regulations,"https://www.premiumbeautynews.com/en/sgs-to-certify-compliance-with-the,1096"
laws-and-regulations,"https://www.premiumbeautynews.com/en/what-standard-for-natural-and,987"
laws-and-regulations,"https://www.premiumbeautynews.com/en/fda-warns-consumers-on-bacterial,968"
laws-and-regulations,"https://www.premiumbeautynews.com/en/eu-trade-partners-in-dilemma-with,928"
laws-and-regulations,"https://www.premiumbeautynews.com/en/taiwan-creates-agency-to-supervise,890"
laws-and-regulations,"https://www.premiumbeautynews.com/en/meps-call-for-more-prudence-on,864"
laws-and-regulations,"https://www.premiumbeautynews.com/en/cosmetic-innovation-under-reach,839"
laws-and-regulations,"https://www.premiumbeautynews.com/en/eu-scientific-advisory-committees,782"
laws-and-regulations,"https://www.premiumbeautynews.com/en/new-eu-cosmetics-regulation-what-s,765"
laws-and-regulations,"https://www.premiumbeautynews.com/en/eu-ban-on-animal-testing-raises,730"
laws-and-regulations,"https://www.premiumbeautynews.com/en/french-health-agency-sifts-through,714"
laws-and-regulations,"https://www.premiumbeautynews.com/en/transatlantic-partnership-for-made,666"
laws-and-regulations,"https://www.premiumbeautynews.com/en/triclosan-european-experts,646"
laws-and-regulations,"https://www.premiumbeautynews.com/en/cosmetics-for-babies-safety,634"
laws-and-regulations,"https://www.premiumbeautynews.com/en/europe-updates-its-regulations-for,629"
laws-and-regulations,"https://www.premiumbeautynews.com/en/canada-to-restrict-the-use-of-four,610"
laws-and-regulations,"https://www.premiumbeautynews.com/en/canada-opens-consultation-on-heavy,584"
laws-and-regulations,"https://www.premiumbeautynews.com/en/terms-of-payment-in-france,588"
laws-and-regulations,"https://www.premiumbeautynews.com/en/china-to-require-full-labelling-of,546"
laws-and-regulations,"https://www.premiumbeautynews.com/en/what-s-new-with-intellectual,543"
laws-and-regulations,"https://www.premiumbeautynews.com/en/french-health-agency-slashes,531"
laws-and-regulations,"https://www.premiumbeautynews.com/en/french-and-european-authorities,447"
science-rd,"https://www.premiumbeautynews.com/en/cosmetosciences-a-cosmetics,21065"
science-rd,"https://www.premiumbeautynews.com/en/hair-straightening-chemicals-could,20998"
science-rd,"https://www.premiumbeautynews.com/en/can-cellulose-replace-plastic-in,20908"
science-rd,"https://www.premiumbeautynews.com/en/connected-skin-chips-to-predict,20789"
science-rd,"https://www.premiumbeautynews.com/en/how-scientists-are-working-on-silk,20630"
science-rd,"https://www.premiumbeautynews.com/en/they-re-everywhere-microplastics,20564"
science-rd,"https://www.premiumbeautynews.com/en/symrise-blurs-chromatography,20464"
science-rd,"https://www.premiumbeautynews.com/en/recommendations-on-sun-protection,20341"
science-rd,"https://www.premiumbeautynews.com/en/dutch-scientists-find,20074"
science-rd,"https://www.premiumbeautynews.com/en/shiseido-unveils-new-testing,20033"
science-rd,"https://www.premiumbeautynews.com/en/microbiome-fermentation-2022-sheds,19779"
science-rd,"https://www.premiumbeautynews.com/en/could-turmeric-be-a-key-ingredient,19068"
science-rd,"https://www.premiumbeautynews.com/en/study-sulforafane-may-be-helpful,19003"
science-rd,"https://www.premiumbeautynews.com/en/basf-and-givaudan-get-oecd,18725"
science-rd,"https://www.premiumbeautynews.com/en/artificial-blue-light-has,18467"
science-rd,"https://www.premiumbeautynews.com/en/clinical-tests-can-also-stimulate,18339"
science-rd,"https://www.premiumbeautynews.com/en/study-links-frequent-use-of,18266"
science-rd,"https://www.premiumbeautynews.com/en/a-model-of-3d-dermal-microtissue,18144"
science-rd,"https://www.premiumbeautynews.com/en/octocrylene-in-sunscreen-products,18100"
science-rd,"https://www.premiumbeautynews.com/en/silab-tests-its-natural-anti-acne,17971"
science-rd,"https://www.premiumbeautynews.com/en/amorepacific-investigates-blue,17211"
science-rd,"https://www.premiumbeautynews.com/en/uscd-and-silab-show-the-importance,16987"
science-rd,"https://www.premiumbeautynews.com/en/masks-can-efficiently-prevent,16976"
science-rd,"https://www.premiumbeautynews.com/en/skinobs-launches-a-new-preclinical,16913"
science-rd,"https://www.premiumbeautynews.com/en/kao-unveils-age-related-changes-in,16554"
science-rd,"https://www.premiumbeautynews.com/en/scentree-a-collaborative,16483"
science-rd,"https://www.premiumbeautynews.com/en/google-research-team-used-machine,15774"
science-rd,"https://www.premiumbeautynews.com/en/kamax-innovative-develops,15566"
science-rd,"https://www.premiumbeautynews.com/en/study-reveals-the-lifestyle,15346"
science-rd,"https://www.premiumbeautynews.com/en/biomeca-puts-atomic-force,15231"
science-rd,"https://www.premiumbeautynews.com/en/marie-alice-dibon-1966-2019,15071"
science-rd,"https://www.premiumbeautynews.com/en/bioprinting-helps-design-more-and,15061"
science-rd,"https://www.premiumbeautynews.com/en/forever-young-study-uncovers,14891"
science-rd,"https://www.premiumbeautynews.com/en/understanding-intercellular,14703"
science-rd,"https://www.premiumbeautynews.com/en/skin-and-hair-science-in-the-age,14435"
science-rd,"https://www.premiumbeautynews.com/en/study-links-early-puberty-in-girls,14339"
science-rd,"https://www.premiumbeautynews.com/en/skin-ageing-mechanisms-are,14240"
science-rd,"https://www.premiumbeautynews.com/en/environment-light-radiation,14076"
science-rd,"https://www.premiumbeautynews.com/en/silab-demonstrates-the-shift-in,13882"
science-rd,"https://www.premiumbeautynews.com/en/australia-scientists-develop-world,13706"
science-rd,"https://www.premiumbeautynews.com/en/for-its-20th-anniversary-cosm-ing,13691"
science-rd,"https://www.premiumbeautynews.com/en/authenticating-raw-materials-is-a,13418"
science-rd,"https://www.premiumbeautynews.com/en/optics-offer-a-strong-innovation,13350"
science-rd,"https://www.premiumbeautynews.com/en/could-graphene-sparkle-a-new-era,13134"
science-rd,"https://www.premiumbeautynews.com/en/non-animal-testing-methods-3d-skin,13075"
science-rd,"https://www.premiumbeautynews.com/en/skin-and-barrier-function-what-are,12758"
science-rd,"https://www.premiumbeautynews.com/en/ifscc-2017-pollution-and-asia-at,12524"
science-rd,"https://www.premiumbeautynews.com/en/skin-microbiota-what-are-the,12462"
science-rd,"https://www.premiumbeautynews.com/en/gattefosse-and-cytoo-unveil-first,12323"
science-rd,"https://www.premiumbeautynews.com/en/tattoo-ink-can-seep-deep-into-the,12152"
science-rd,"https://www.premiumbeautynews.com/en/self-tanning-new-substance-can,11723"
science-rd,"https://www.premiumbeautynews.com/en/the-exposome-concept-could-lead-to,11632"
science-rd,"https://www.premiumbeautynews.com/en/microbiome-the-cosmetic-revolution,11198"
science-rd,"https://www.premiumbeautynews.com/en/what-is-the-potential-for,11064"
science-rd,"https://www.premiumbeautynews.com/en/changes-in-the-rheological,10996"
science-rd,"https://www.premiumbeautynews.com/en/information-is-more-important-than,10815"
science-rd,"https://www.premiumbeautynews.com/en/study-shines-light-on-another,10776"
science-rd,"https://www.premiumbeautynews.com/en/jean-paul-marty-days-2016-the,10733"
science-rd,"https://www.premiumbeautynews.com/en/uv-filters-possibly-linked-to-the,10592"
science-rd,"https://www.premiumbeautynews.com/en/scientists-reveal-the-secret-of,10445"
science-rd,"https://www.premiumbeautynews.com/en/in-vitro-method-in-sun-care-a,10368"
science-rd,"https://www.premiumbeautynews.com/en/3d-bioprinting-of-skin-tissues,9979"
science-rd,"https://www.premiumbeautynews.com/en/study-suggests-triclosan-has-no,9769"
science-rd,"https://www.premiumbeautynews.com/en/a-second-skin-polymer-to-eliminate,9749"
science-rd,"https://www.premiumbeautynews.com/en/innovations-and-science-new,9609"
science-rd,"https://www.premiumbeautynews.com/en/a-new-website-dedicated-to,9569"
science-rd,"https://www.premiumbeautynews.com/en/ctpa-responds-to-study-on-chemical,9444"
science-rd,"https://www.premiumbeautynews.com/en/gene-holds-key-to-no-grey-hair,9392"
science-rd,"https://www.premiumbeautynews.com/en/the-cosmetotheque-to-spread-the,9380"
science-rd,"https://www.premiumbeautynews.com/en/bio-printing-of-human-skin-poietis,9297"
science-rd,"https://www.premiumbeautynews.com/en/new-cell-based-tests-promise,9220"
science-rd,"https://www.premiumbeautynews.com/en/nanomaterial-additives-improve,9158"
science-rd,"https://www.premiumbeautynews.com/en/jean-paul-marty-days-skin,9123"
science-rd,"https://www.premiumbeautynews.com/en/aging-shiseido-links-sagging-skin,8451"
science-rd,"https://www.premiumbeautynews.com/en/the-time-when-botanists-were,8444"
science-rd,"https://www.premiumbeautynews.com/en/signs-of-aging-appear-in-mid-20s,8411"
science-rd,"https://www.premiumbeautynews.com/en/the-ced-explores-the-different,8327"
science-rd,"https://www.premiumbeautynews.com/en/from-safety-to-efficacy-in-vitro,8099"
science-rd,"https://www.premiumbeautynews.com/en/new-generations-of-after-sun,7854"
science-rd,"https://www.premiumbeautynews.com/en/study-takes-step-towards-a-pill,7606"
science-rd,"https://www.premiumbeautynews.com/en/bee-propolis-offers-hope-for-hair,7571"
science-rd,"https://www.premiumbeautynews.com/en/dsm-quantifies-stratum-corneum,7537"
science-rd,"https://www.premiumbeautynews.com/en/world-s-oldest-people-share-no,7493"
science-rd,"https://www.premiumbeautynews.com/en/ifscc-2014-the-cosmetics-industry,7473"
science-rd,"https://www.premiumbeautynews.com/en/clinical-analysis-the-value-of,7406"
science-rd,"https://www.premiumbeautynews.com/en/hydration-barrier-function-and,7267"
science-rd,"https://www.premiumbeautynews.com/en/reconstructed-custom-skin-models,7205"
science-rd,"https://www.premiumbeautynews.com/en/sensory-2014-emotion-the-key,7011"
science-rd,"https://www.premiumbeautynews.com/en/research-in-cosmetology-is-going,6924"
science-rd,"https://www.premiumbeautynews.com/en/eu-project-aims-to-develop,6853"
science-rd,"https://www.premiumbeautynews.com/en/physicochemical-properties-are-a,6791"
science-rd,"https://www.premiumbeautynews.com/en/in-a-near-future-we-will-be-able,6674"
science-rd,"https://www.premiumbeautynews.com/en/helioscreen-aims-at-more-reliable,6595"
science-rd,"https://www.premiumbeautynews.com/en/skin-and-light-from-protection-to,6328"
science-rd,"https://www.premiumbeautynews.com/en/the-microbiota-part-2,6265"
science-rd,"https://www.premiumbeautynews.com/en/the-microbiota-part-1-a-field-of,6243"
science-rd,"https://www.premiumbeautynews.com/en/dermo-cosmetic-techniques,6217"
science-rd,"https://www.premiumbeautynews.com/en/cosmetics-r-d-cosm-innov-gives-an,6072"
science-rd,"https://www.premiumbeautynews.com/en/lack-of-sleep-impacts-skin-aging,5738"
science-rd,"https://www.premiumbeautynews.com/en/cosm-ing-2013-a-biotech-revolution,5723"
science-rd,"https://www.premiumbeautynews.com/en/japanese-french-seminar-highlights,5698"
science-rd,"https://www.premiumbeautynews.com/en/tomorrow-s-skin-care-will-be-based,5682"
science-rd,"https://www.premiumbeautynews.com/en/our-water-treatment-process,5465"
science-rd,"https://www.premiumbeautynews.com/en/new-alternative-method-to-identify,5321"
science-rd,"https://www.premiumbeautynews.com/en/nanomaterials-where-do-we-stand,5182"
science-rd,"https://www.premiumbeautynews.com/en/healing-and-dermocosmetology,5122"
science-rd,"https://www.premiumbeautynews.com/en/ultra-customization-of-products-is,5008"
science-rd,"https://www.premiumbeautynews.com/en/the-theme-of-healing-is-the-link,4984"
science-rd,"https://www.premiumbeautynews.com/en/senescence-and-skin-what-progress,4930"
science-rd,"https://www.premiumbeautynews.com/en/study-highlights-experience,4913"
science-rd,"https://www.premiumbeautynews.com/en/spim-2012-skin-from-every-angle,4882"
science-rd,"https://www.premiumbeautynews.com/en/what-are-the-avenues-against-photo,4858"
science-rd,"https://www.premiumbeautynews.com/en/allergens-infectious-agents-are,4833"
science-rd,"https://www.premiumbeautynews.com/en/emotional-approaches-of-cosmetic,4665"
science-rd,"https://www.premiumbeautynews.com/en/new-biological-targets-involved-in,4637"
science-rd,"https://www.premiumbeautynews.com/en/what-future-for-the-cosmetics,4537"
science-rd,"https://www.premiumbeautynews.com/en/a-comprehensive-approach-to-detect,4476"
science-rd,"https://www.premiumbeautynews.com/en/trade-associations-contest-links,4359"
science-rd,"https://www.premiumbeautynews.com/en/human-sciences-and-cosmetics-the,4162"
science-rd,"https://www.premiumbeautynews.com/en/scientific-evidence-becomes,4065"
science-rd,"https://www.premiumbeautynews.com/en/we-are-exploring-the-genes-that,3926"
science-rd,"https://www.premiumbeautynews.com/en/alternatives-to-animal-testing-the,3815"
science-rd,"https://www.premiumbeautynews.com/en/interactions-between-skin-and,3655"
science-rd,"https://www.premiumbeautynews.com/en/etienne-soudant-sfc-meeting-the,3633"
science-rd,"https://www.premiumbeautynews.com/en/lvmh-investigates-skin,3547"
science-rd,"https://www.premiumbeautynews.com/en/x-rite-towards-colour-digitization,3354"
science-rd,"https://www.premiumbeautynews.com/en/will-caffeine-be-the-next-trendy,3303"
science-rd,"https://www.premiumbeautynews.com/en/the-war-for-collagen-did-not-take,3264"
science-rd,"https://www.premiumbeautynews.com/en/new-research-fields-are-going-to,3226"
science-rd,"https://www.premiumbeautynews.com/en/shiseido-discovers-new-ingredient,3097"
science-rd,"https://www.premiumbeautynews.com/en/lyons-cosmetics-science-is-brought,2955"
science-rd,"https://www.premiumbeautynews.com/en/stem-cells-what-prospects-for,2749"
science-rd,"https://www.premiumbeautynews.com/en/skin-is-increasingly-more,2688"
science-rd,"https://www.premiumbeautynews.com/en/nano-sized-titanium-dioxide-may,2677"
science-rd,"https://www.premiumbeautynews.com/en/sunscreen-can-help-prevent,2547"
science-rd,"https://www.premiumbeautynews.com/en/study-suggests-triclosan-exposure,2526"
science-rd,"https://www.premiumbeautynews.com/en/study-links-presence-of-uv-filters,2445"
science-rd,"https://www.premiumbeautynews.com/en/lvmh-explores-the-multiple,2418"
science-rd,"https://www.premiumbeautynews.com/en/skin-ageing-we-are-in-the-stage-of,2273"
science-rd,"https://www.premiumbeautynews.com/en/dermatologists-claim-retinyl,2157"
